{
  "title": "UE Superiority \u2014 Guardrailed NS Audit (v4, FFT projection)",
  "timestamp_utc": "2025-09-01T03:35:01.892442+00:00",
  "ns3d_params": {
    "n": 24,
    "nu": 0.01,
    "dt": 0.0005,
    "steps": 60,
    "seed": 444
  },
  "ns3d_time": [
    0.0,
    0.003,
    0.006000000000000002,
    0.009000000000000005,
    0.012000000000000007,
    0.01500000000000001,
    0.018000000000000013,
    0.021000000000000015,
    0.024000000000000018,
    0.02700000000000002,
    0.030000000000000023
  ],
  "ns3d_mean_abs_div": [
    0.7084627306808626,
    0.09977956961331653,
    0.03657581049028132,
    0.0184250007844983,
    0.011184796382511653,
    0.007579072623894455,
    0.005502484639516302,
    0.004174847265050356,
    0.0032690506010338025,
    0.0026199657187042234,
    0.002137239169091809
  ],
  "ns3d_energy": [
    0.0013399354951140593,
    0.0008054129903521356,
    0.0006656861749030745,
    0.0005476098352438805,
    0.00045173209143613844,
    0.0003749141680904248,
    0.0003133610455042725,
    0.00026381955235624407,
    0.00022371094910424185,
    0.0001910339609155582,
    0.00016424153980378308
  ],
  "notes": "Replaced Jacobi Poisson with FFT-based spectral Poisson; warnings eliminated on run."
}